<ImportExportXml version="9.2.26012.152" SolutionPackageVersion="9.2" languagecode="1033" generatedBy="CrmLive" xmlns:xsi="http://www.w3.org/2001/XMLSchema-instance" OrganizationVersion="9.2.26012.152" OrganizationSchemaType="Standard" CRMServerServiceabilityVersion="9.2.26012.00152">
  <SolutionManifest>
    <UniqueName>KanBan</UniqueName>
    <LocalizedNames>
      <LocalizedName description="KanBan Board" languagecode="1033" />
    </LocalizedNames>
    <Descriptions>
      <Description description="Professional Kanban Board Component with Developer Tasks Management" languagecode="1033" />
    </Descriptions>
    <Version>1.0.0.1</Version>
    <Managed>1</Managed>
    <Publisher>
      <UniqueName>LukasToman</UniqueName>
      <LocalizedNames>
        <LocalizedName description="Lukas Toman" languagecode="1033" />
      </LocalizedNames>
      <Descriptions>
        <Description description="Lukas Toman" languagecode="1033" />
      </Descriptions>
      <EMailAddress>toman_lukas@icloud.com</EMailAddress>
      <SupportingWebsiteUrl>https://lukastoman.figma.site/</SupportingWebsiteUrl>
      <CustomizationPrefix>lto</CustomizationPrefix>
      <CustomizationOptionValuePrefix>10000</CustomizationOptionValuePrefix>
      <Addresses>
        <Address>
          <AddressNumber>1</AddressNumber>
          <AddressTypeCode xsi:nil="true"></AddressTypeCode>
          <City>Prague</City>
          <County xsi:nil="true"></County>
          <Country>Czech Republic</Country>
          <Fax xsi:nil="true"></Fax>
          <FreightTermsCode xsi:nil="true"></FreightTermsCode>
          <ImportSequenceNumber xsi:nil="true"></ImportSequenceNumber>
          <Latitude xsi:nil="true"></Latitude>
          <Line1 xsi:nil="true"></Line1>
          <Line2 xsi:nil="true"></Line2>
          <Line3 xsi:nil="true"></Line3>
          <Longitude xsi:nil="true"></Longitude>
          <Name xsi:nil="true"></Name>
          <PostalCode>130 00</PostalCode>
          <PostOfficeBox xsi:nil="true"></PostOfficeBox>
          <PrimaryContactName xsi:nil="true"></PrimaryContactName>
          <ShippingMethodCode xsi:nil="true"></ShippingMethodCode>
          <StateOrProvince>Czech Republic</StateOrProvince>
          <Telephone1>+420 724 162 880</Telephone1>
          <Telephone2 xsi:nil="true"></Telephone2>
          <Telephone3 xsi:nil="true"></Telephone3>
          <TimeZoneRuleVersionNumber xsi:nil="true"></TimeZoneRuleVersionNumber>
          <UPSZone xsi:nil="true"></UPSZone>
          <UTCOffset xsi:nil="true"></UTCOffset>
          <UTCConversionTimeZoneCode xsi:nil="true"></UTCConversionTimeZoneCode>
        </Address>
      </Addresses>
    </Publisher>
    <RootComponents>
      <RootComponent type="1" schemaName="lto_developertasks" behavior="0" />
      <RootComponent type="1" schemaName="systemuser" behavior="0" />
      <RootComponent type="66" schemaName="lto_PowerKanban.BoardV8" behavior="0" />
      <RootComponent type="300" schemaName="lto_refkanbanapp_85475" behavior="0" />
    </RootComponents>
    <MissingDependencies>
      <MissingDependency>
        <Required type="1" schemaName="adx_webformsession" displayName="Multistep Form Session" solution="PowerPages_RuntimeCore (1.0.2509.1)">
          <package appName="Power Pages Core Package" version="1.1.2510.212">PowerPages_Core (1.1.2510.212)</package>
        </Required>
        <Dependent type="1" schemaName="systemuser" displayName="User" />
      </MissingDependency>
      <MissingDependency>
        <Required type="1" schemaName="appusersetting" displayName="Model-Driven App User Setting" solution="AppModule (9.2.2511.2511242)">
          <package appName="AppModule" version="9.2.2511.2511242">AppModuleSolutionAnchor (9.2.2511.2511242)</package>
        </Required>
        <Dependent type="1" schemaName="systemuser" displayName="User" />
      </MissingDependency>
      <MissingDependency>
        <Required type="1" schemaName="bot" displayName="Agent" solution="PowerVirtualAgents (2026.1.2.18829146)">
          <package appName="CCI Bots" version="2026.1.2.18829146">msdynce_CustomerCareIntelligenceBots_Anchor (2026.1.2.18829146)</package>
        </Required>
        <Dependent type="1" schemaName="systemuser" displayName="User" />
      </MissingDependency>
      <MissingDependency>
        <Required type="1" schemaName="componentversion" displayName="Component Version" solution="msdyn_ComponentVersioning (9.1.0.600)">
          <package appName="Component Versioning Package" version="9.1.0.600">ComponentVersioning_Anchor (9.1.0.600)</package>
        </Required>
        <Dependent type="1" schemaName="systemuser" displayName="User" />
      </MissingDependency>
      <MissingDependency>
        <Required type="1" schemaName="mspp_adplacement" displayName="Ad Placement" solution="PowerPages_Apps (1.0.2510.2)">
          <package appName="Power Pages Core Package" version="1.1.2510.212">PowerPages_Core (1.1.2510.212)</package>
        </Required>
        <Dependent type="1" schemaName="systemuser" displayName="User" />
      </MissingDependency>
      <MissingDependency>
        <Required type="1" schemaName="mspp_columnpermission" displayName="Column Permission" solution="PowerPages_Apps (1.0.2510.2)">
          <package appName="Power Pages Core Package" version="1.1.2510.212">PowerPages_Core (1.1.2510.212)</package>
        </Required>
        <Dependent type="1" schemaName="systemuser" displayName="User" />
      </MissingDependency>
      <MissingDependency>
        <Required type="1" schemaName="mspp_columnpermissionprofile" displayName="Column Permission Profile" solution="PowerPages_Apps (1.0.2510.2)">
          <package appName="Power Pages Core Package" version="1.1.2510.212">PowerPages_Core (1.1.2510.212)</package>
        </Required>
        <Dependent type="1" schemaName="systemuser" displayName="User" />
      </MissingDependency>
      <MissingDependency>
        <Required type="1" schemaName="mspp_contentsnippet" displayName="Content Snippet" solution="PowerPages_Apps (1.0.2510.2)">
          <package appName="Power Pages Core Package" version="1.1.2510.212">PowerPages_Core (1.1.2510.212)</package>
        </Required>
        <Dependent type="1" schemaName="systemuser" displayName="User" />
      </MissingDependency>
      <MissingDependency>
        <Required type="1" schemaName="mspp_entityform" displayName="Basic Form" solution="PowerPages_Apps (1.0.2510.2)">
          <package appName="Power Pages Core Package" version="1.1.2510.212">PowerPages_Core (1.1.2510.212)</package>
        </Required>
        <Dependent type="1" schemaName="systemuser" displayName="User" />
      </MissingDependency>
      <MissingDependency>
        <Required type="1" schemaName="mspp_entityformmetadata" displayName="Basic Form Metadata" solution="PowerPages_Apps (1.0.2510.2)">
          <package appName="Power Pages Core Package" version="1.1.2510.212">PowerPages_Core (1.1.2510.212)</package>
        </Required>
        <Dependent type="1" schemaName="systemuser" displayName="User" />
      </MissingDependency>
      <MissingDependency>
        <Required type="1" schemaName="mspp_entitylist" displayName="List" solution="PowerPages_Apps (1.0.2510.2)">
          <package appName="Power Pages Core Package" version="1.1.2510.212">PowerPages_Core (1.1.2510.212)</package>
        </Required>
        <Dependent type="1" schemaName="systemuser" displayName="User" />
      </MissingDependency>
      <MissingDependency>
        <Required type="1" schemaName="mspp_entitypermission" displayName="Table Permission" solution="PowerPages_Apps (1.0.2510.2)">
          <package appName="Power Pages Core Package" version="1.1.2510.212">PowerPages_Core (1.1.2510.212)</package>
        </Required>
        <Dependent type="1" schemaName="systemuser" displayName="User" />
      </MissingDependency>
      <MissingDependency>
        <Required type="1" schemaName="mspp_pagetemplate" displayName="Page Template" solution="PowerPages_Apps (1.0.2510.2)">
          <package appName="Power Pages Core Package" version="1.1.2510.212">PowerPages_Core (1.1.2510.212)</package>
        </Required>
        <Dependent type="1" schemaName="systemuser" displayName="User" />
      </MissingDependency>
      <MissingDependency>
        <Required type="1" schemaName="mspp_pollplacement" displayName="Poll Placement" solution="PowerPages_Apps (1.0.2510.2)">
          <package appName="Power Pages Core Package" version="1.1.2510.212">PowerPages_Core (1.1.2510.212)</package>
        </Required>
        <Dependent type="1" schemaName="systemuser" displayName="User" />
      </MissingDependency>
      <MissingDependency>
        <Required type="1" schemaName="mspp_publishingstate" displayName="Publishing State" solution="PowerPages_Apps (1.0.2510.2)">
          <package appName="Power Pages Core Package" version="1.1.2510.212">PowerPages_Core (1.1.2510.212)</package>
        </Required>
        <Dependent type="1" schemaName="systemuser" displayName="User" />
      </MissingDependency>
      <MissingDependency>
        <Required type="1" schemaName="mspp_publishingstatetransitionrule" displayName="Publishing State Transition Rule" solution="PowerPages_Apps (1.0.2510.2)">
          <package appName="Power Pages Core Package" version="1.1.2510.212">PowerPages_Core (1.1.2510.212)</package>
        </Required>
        <Dependent type="1" schemaName="systemuser" displayName="User" />
      </MissingDependency>
      <MissingDependency>
        <Required type="1" schemaName="mspp_redirect" displayName="Redirect" solution="PowerPages_Apps (1.0.2510.2)">
          <package appName="Power Pages Core Package" version="1.1.2510.212">PowerPages_Core (1.1.2510.212)</package>
        </Required>
        <Dependent type="1" schemaName="systemuser" displayName="User" />
      </MissingDependency>
      <MissingDependency>
        <Required type="1" schemaName="mspp_shortcut" displayName="Shortcut" solution="PowerPages_Apps (1.0.2510.2)">
          <package appName="Power Pages Core Package" version="1.1.2510.212">PowerPages_Core (1.1.2510.212)</package>
        </Required>
        <Dependent type="1" schemaName="systemuser" displayName="User" />
      </MissingDependency>
      <MissingDependency>
        <Required type="1" schemaName="mspp_sitemarker" displayName="Site Marker" solution="PowerPages_Apps (1.0.2510.2)">
          <package appName="Power Pages Core Package" version="1.1.2510.212">PowerPages_Core (1.1.2510.212)</package>
        </Required>
        <Dependent type="1" schemaName="systemuser" displayName="User" />
      </MissingDependency>
      <MissingDependency>
        <Required type="1" schemaName="mspp_sitesetting" displayName="Site Setting" solution="PowerPages_Apps (1.0.2510.2)">
          <package appName="Power Pages Core Package" version="1.1.2510.212">PowerPages_Core (1.1.2510.212)</package>
        </Required>
        <Dependent type="1" schemaName="systemuser" displayName="User" />
      </MissingDependency>
      <MissingDependency>
        <Required type="1" schemaName="mspp_webfile" displayName="Web File" solution="PowerPages_Apps (1.0.2510.2)">
          <package appName="Power Pages Core Package" version="1.1.2510.212">PowerPages_Core (1.1.2510.212)</package>
        </Required>
        <Dependent type="1" schemaName="systemuser" displayName="User" />
      </MissingDependency>
      <MissingDependency>
        <Required type="1" schemaName="mspp_webform" displayName="Multistep Form" solution="PowerPages_Apps (1.0.2510.2)">
          <package appName="Power Pages Core Package" version="1.1.2510.212">PowerPages_Core (1.1.2510.212)</package>
        </Required>
        <Dependent type="1" schemaName="systemuser" displayName="User" />
      </MissingDependency>
      <MissingDependency>
        <Required type="1" schemaName="mspp_webformmetadata" displayName="Multistep Form Metadata" solution="PowerPages_Apps (1.0.2510.2)">
          <package appName="Power Pages Core Package" version="1.1.2510.212">PowerPages_Core (1.1.2510.212)</package>
        </Required>
        <Dependent type="1" schemaName="systemuser" displayName="User" />
      </MissingDependency>
      <MissingDependency>
        <Required type="1" schemaName="mspp_webformstep" displayName="Form Step" solution="PowerPages_Apps (1.0.2510.2)">
          <package appName="Power Pages Core Package" version="1.1.2510.212">PowerPages_Core (1.1.2510.212)</package>
        </Required>
        <Dependent type="1" schemaName="systemuser" displayName="User" />
      </MissingDependency>
      <MissingDependency>
        <Required type="1" schemaName="mspp_weblink" displayName="Web Link" solution="PowerPages_Apps (1.0.2510.2)">
          <package appName="Power Pages Core Package" version="1.1.2510.212">PowerPages_Core (1.1.2510.212)</package>
        </Required>
        <Dependent type="1" schemaName="systemuser" displayName="User" />
      </MissingDependency>
      <MissingDependency>
        <Required type="1" schemaName="mspp_weblinkset" displayName="Web Link Set" solution="PowerPages_Apps (1.0.2510.2)">
          <package appName="Power Pages Core Package" version="1.1.2510.212">PowerPages_Core (1.1.2510.212)</package>
        </Required>
        <Dependent type="1" schemaName="systemuser" displayName="User" />
      </MissingDependency>
      <MissingDependency>
        <Required type="1" schemaName="mspp_webpage" displayName="Web Page" solution="PowerPages_Apps (1.0.2510.2)">
          <package appName="Power Pages Core Package" version="1.1.2510.212">PowerPages_Core (1.1.2510.212)</package>
        </Required>
        <Dependent type="1" schemaName="systemuser" displayName="User" />
      </MissingDependency>
      <MissingDependency>
        <Required type="1" schemaName="mspp_webpageaccesscontrolrule" displayName="Web Page Access Control Rule" solution="PowerPages_Apps (1.0.2510.2)">
          <package appName="Power Pages Core Package" version="1.1.2510.212">PowerPages_Core (1.1.2510.212)</package>
        </Required>
        <Dependent type="1" schemaName="systemuser" displayName="User" />
      </MissingDependency>
      <MissingDependency>
        <Required type="1" schemaName="mspp_webrole" displayName="Web Role" solution="PowerPages_Apps (1.0.2510.2)">
          <package appName="Power Pages Core Package" version="1.1.2510.212">PowerPages_Core (1.1.2510.212)</package>
        </Required>
        <Dependent type="1" schemaName="systemuser" displayName="User" />
      </MissingDependency>
      <MissingDependency>
        <Required type="1" schemaName="mspp_website" displayName="Website" solution="PowerPages_Apps (1.0.2510.2)">
          <package appName="Power Pages Core Package" version="1.1.2510.212">PowerPages_Core (1.1.2510.212)</package>
        </Required>
        <Dependent type="1" schemaName="systemuser" displayName="User" />
      </MissingDependency>
      <MissingDependency>
        <Required type="1" schemaName="mspp_websiteaccess" displayName="Website Access" solution="PowerPages_Apps (1.0.2510.2)">
          <package appName="Power Pages Core Package" version="1.1.2510.212">PowerPages_Core (1.1.2510.212)</package>
        </Required>
        <Dependent type="1" schemaName="systemuser" displayName="User" />
      </MissingDependency>
      <MissingDependency>
        <Required type="1" schemaName="mspp_websitelanguage" displayName="Website Language" solution="PowerPages_Apps (1.0.2510.2)">
          <package appName="Power Pages Core Package" version="1.1.2510.212">PowerPages_Core (1.1.2510.212)</package>
        </Required>
        <Dependent type="1" schemaName="systemuser" displayName="User" />
      </MissingDependency>
      <MissingDependency>
        <Required type="1" schemaName="mspp_webtemplate" displayName="Web Template" solution="PowerPages_Apps (1.0.2510.2)">
          <package appName="Power Pages Core Package" version="1.1.2510.212">PowerPages_Core (1.1.2510.212)</package>
        </Required>
        <Dependent type="1" schemaName="systemuser" displayName="User" />
      </MissingDependency>
      <MissingDependency>
        <Required type="1" schemaName="sa_suggestedaction" displayName="Suggested Action" solution="msdyn_SuggestedAction (1.0.0.2)">
          <package appName="PowerAppsAppCopilotApp Package" version="1.0.0.2">msdyn_SuggestedAction (1.0.0.2)</package>
          <package appName="PowerAppsAppCopilotApp Package" version="9.2.0.2">msdyn_M365CopilotAppInfraSettings (9.2.0.2)</package>
        </Required>
        <Dependent type="1" schemaName="systemuser" displayName="User" />
      </MissingDependency>
      <MissingDependency>
        <Required type="1" schemaName="usermobileofflineprofilemembership" displayName="UserMobileOfflineProfileMembership" solution="MobileOfflineMembership (1.0.0.3)">
          <package appName="MobileOfflineExtensionApp Package" version="1.0.0.0">MobileOfflineExtensionApp_Anchor (1.0.0.0)</package>
        </Required>
        <Dependent type="1" schemaName="systemuser" displayName="User" />
      </MissingDependency>
    </MissingDependencies>
  </SolutionManifest>
</ImportExportXml>