<manifest><control namespace="PowerKanban" constructor="BoardV8" version="16.7.0" display-name-key="Power Kanban V8" description-key="Premium Kanban Board with Modal Alerts" control-type="standard" api-version="1.3.18"><data-set name="kanbanDataSet" display-name-key="Kanban Dataset"><property-set name="statusField" display-name-key="Status Column" of-type-group="optionsOrNumbers" usage="bound" required="true" /><property-set name="titleField" display-name-key="Title Column" of-type="SingleLine.Text" usage="bound" required="true" /><property-set name="descField" display-name-key="Description Column" of-type="SingleLine.Text" usage="bound" required="false" /><property-set name="valField" display-name-key="Value Column" of-type="Whole.None" usage="bound" required="false" /><property-set name="userField" display-name-key="User Column" of-type="SingleLine.Text" usage="bound" required="false" /><property-set name="typeField" display-name-key="Type Column" of-type-group="optionsOrNumbers" usage="bound" required="false" /></data-set><type-group name="optionsOrNumbers"><type>OptionSet</type><type>MultiSelectOptionSet</type><type>Whole.None</type></type-group><property name="controlVersionInfo" display-name-key="--- Component Version ---" of-type="SingleLine.Text" usage="input" required="false" default-value="v16.7.0 (Strict ID Payload)" /><property name="accentColor" display-name-key="Global Accent Color" of-type="SingleLine.Text" usage="input" required="false" default-value="#4f46e5" /><property name="rootBackgroundColor" display-name-key="Board Background Color" of-type="SingleLine.Text" usage="input" required="false" default-value="#f8fafc" /><property name="borderRadius" display-name-key="Border Radius (px)" of-type="Whole.None" usage="input" required="false" default-value="20" /><property name="fontFamily" display-name-key="Global Font Family" of-type="Enum" usage="input" default-value="SegoeUI"><value name="SegoeUI" display-name-key="Segoe UI">'Segoe UI', 'Segoe UI Web (West European)', 'Segoe UI', -apple-system, BlinkMacSystemFont, Roboto, 'Helvetica Neue', sans-serif</value><value name="Arial" display-name-key="Arial">Arial, Helvetica, sans-serif</value><value name="Roboto" display-name-key="Roboto">Roboto, 'Helvetica Neue', Arial, sans-serif</value><value name="Inter" display-name-key="Inter">Inter, 'Helvetica Neue', Arial, sans-serif</value><value name="Verdana" display-name-key="Verdana">Verdana, Geneva, sans-serif</value><value name="Helvetica" display-name-key="Helvetica">Helvetica, Arial, sans-serif</value><value name="Tahoma" display-name-key="Tahoma">Tahoma, Geneva, sans-serif</value><value name="TrebuchetMS" display-name-key="Trebuchet MS">'Trebuchet MS', Helvetica, sans-serif</value><value name="Georgia" display-name-key="Georgia">Georgia, 'Times New Roman', Times, serif</value><value name="TimesNewRoman" display-name-key="Times New Roman">'Times New Roman', Times, serif</value><value name="CourierNew" display-name-key="Courier New">'Courier New', Courier, monospace</value><value name="LucidaSans" display-name-key="Lucida Sans">'Lucida Sans Unicode', 'Lucida Grande', sans-serif</value></property><property name="headerTitleText" display-name-key="Header Title Text" of-type="SingleLine.Text" usage="input" required="false" default-value="Kanban Board" /><property name="headerSubtitleText" display-name-key="Header Subtitle Text" of-type="SingleLine.Text" usage="input" required="false" default-value="Manage your tasks efficiently" /><property name="headerColor" display-name-key="Header Background Color" of-type="SingleLine.Text" usage="input" required="false" default-value="#ffffff" /><property name="headerBackgroundTransparent" display-name-key="Transparent Header" of-type="TwoOptions" usage="input" required="false" default-value="false" /><property name="searchPlaceholderText" display-name-key="Search Placeholder" of-type="SingleLine.Text" usage="input" required="false" default-value="Search tasks..." /><property name="newTaskButtonText" display-name-key="New Task Button Text" of-type="SingleLine.Text" usage="input" required="false" default-value="New Task" /><property name="userListJSON" display-name-key="User List JSON" of-type="SingleLine.Text" usage="input" required="false" /><property name="statusChoicesJSON" display-name-key="Status Choices JSON" of-type="SingleLine.Text" usage="input" required="false" /><property name="typeChoicesJSON" display-name-key="Type Choices JSON" of-type="SingleLine.Text" usage="input" required="false" /><property name="filterButtonText" display-name-key="Filter Button Text" of-type="SingleLine.Text" usage="input" required="false" default-value="Filter" /><property name="filterButtonIcon" display-name-key="Filter Button Icon" of-type="Enum" usage="input" default-value="Filter"><value name="Filter" display-name-key="Filter">Filter</value><value name="Funnel" display-name-key="Funnel">Funnel</value><value name="Sort" display-name-key="Sort">Sort</value></property><property name="headerTitleSize" display-name-key="Header Title Size" of-type="Enum" usage="input" default-value="36px"><value name="24px" display-name-key="24px (Small)">24px</value><value name="32px" display-name-key="32px (Medium)">32px</value><value name="36px" display-name-key="36px (Large)">36px</value><value name="48px" display-name-key="48px (X-Large)">48px</value></property><property name="headerTitleWeight" display-name-key="Header Title Weight" of-type="Enum" usage="input" default-value="700"><value name="400" display-name-key="Normal (400)">400</value><value name="600" display-name-key="Semibold (600)">600</value><value name="700" display-name-key="Bold (700)">700</value></property><property name="cardTitleSize" display-name-key="Card Title Size" of-type="Enum" usage="input" default-value="15px"><value name="13px" display-name-key="13px (Small)">13px</value><value name="15px" display-name-key="15px (Medium)">15px</value><value name="16px" display-name-key="16px (Large)">16px</value><value name="18px" display-name-key="18px (X-Large)">18px</value></property><property name="cardTitleWeight" display-name-key="Card Title Weight" of-type="Enum" usage="input" default-value="600"><value name="400" display-name-key="Normal (400)">400</value><value name="500" display-name-key="Medium (500)">500</value><value name="600" display-name-key="Semibold (600)">600</value><value name="700" display-name-key="Bold (700)">700</value></property><property name="cardDescSize" display-name-key="Card Desc Size" of-type="Enum" usage="input" default-value="13px"><value name="12px" display-name-key="12px (Small)">12px</value><value name="13px" display-name-key="13px (Medium)">13px</value><value name="14px" display-name-key="14px (Large)">14px</value></property><property name="columnColor" display-name-key="Column Background Color" of-type="SingleLine.Text" usage="input" required="false" default-value="#f3f2f1" /><property name="statusFieldNameOverride" display-name-key="Status Column (Manual Override)" of-type="SingleLine.Text" usage="input" required="false" /><property name="titleFieldNameOverride" display-name-key="Title Column (Manual Override)" of-type="SingleLine.Text" usage="input" required="false" /><property name="descFieldNameOverride" display-name-key="Description Column (Manual Override)" of-type="SingleLine.Text" usage="input" required="false" /><property name="valFieldNameOverride" display-name-key="Value Column (Storypoints)" of-type="SingleLine.Text" usage="input" required="false" /><property name="userFieldNameOverride" display-name-key="User Column (Manual Override)" of-type="SingleLine.Text" usage="input" required="false" /><property name="typeFieldNameOverride" display-name-key="Type Column (Manual Override)" of-type="SingleLine.Text" usage="input" required="false" /><property name="columnColorMapping" display-name-key="Column Color Mapping" of-type="SingleLine.Text" usage="input" required="false" /><property name="typeColorMapping" display-name-key="Type Color Mapping" of-type="SingleLine.Text" usage="input" required="false" /><property name="dialogHeaderColor" display-name-key="Popup Header Color" of-type="SingleLine.Text" usage="input" required="false" default-value="linear-gradient(135deg, #2563EB 0%, #3B82F6 100%)" /><property name="dialogBackgroundColor" display-name-key="Popup Body Background" of-type="SingleLine.Text" usage="input" required="false" default-value="#ffffff" /><property name="coloredColumns" display-name-key="Colored Column Headers" of-type="TwoOptions" usage="input" required="false" default-value="false" /><property name="coloredCards" display-name-key="Colored Cards" of-type="TwoOptions" usage="input" required="false" default-value="false" /><property name="subtleHeader" display-name-key="Subtle Column Headers" of-type="TwoOptions" usage="input" required="false" default-value="false" /><property name="outputEvent" display-name-key="Output Event" of-type="SingleLine.Text" usage="output" /><property name="outputData" display-name-key="Output Data" of-type="SingleLine.Text" usage="output" /><resources><code path="bundle.js" order="1" /></resources><feature-usage><uses-feature name="Utility" required="true" /><uses-feature name="WebAPI" required="true" /></feature-usage><built-by name="pac" version="1.51.1" /></control></manifest>